{
  "analysis_timestamp": "2025-06-08T22:05:19.238487",
  "total_experiments": 472,
  "unique_stations": 75,
  "unique_modes": 2,
  "model_performance": {
    "lightgbm": {
      "avg_mae": 1.440936088855192,
      "avg_r2": 0.9616917990999344,
      "avg_training_time": 5.840258299294165,
      "sample_count": 236
    },
    "lstm": {
      "avg_mae": 1.7115243487531626,
      "avg_r2": 0.7296154680131357,
      "avg_training_time": 9.88531136108657,
      "sample_count": 236
    }
  },
  "best_configuration": {
    "pipeline_mode": "separate_norm",
    "model": "lightgbm",
    "score": 1299.4700484251086
  },
  "model_wins": {
    "lightgbm": 75
  }
}